{"loss":0.24136758555717217,"accuracy":0.9094,"_timestamp":1.741554359227917e+09,"_wandb":{"runtime":269},"_runtime":269.012689,"_step":9,"epoch":9}