{"epoch":9,"loss":0.24958676992121218,"_wandb":{"runtime":90},"accuracy":0.9061833333333333,"_timestamp":1.741531778623126e+09,"_runtime":90.748722,"_step":9}