{"_timestamp":1.7415540382816e+09,"_wandb":{"runtime":70},"_runtime":70.96868,"_step":9,"epoch":9,"loss":0.2474691305679526,"accuracy":0.9067166666666666}